{
  "hash": "8851dfcc",
  "configHash": "8681b297",
  "lockfileHash": "54404c16",
  "browserHash": "afcff33c",
  "optimized": {
    "@angular/common": {
      "src": "../../../../../../node_modules/@angular/common/fesm2022/common.mjs",
      "file": "@angular_common.js",
      "fileHash": "44f29850",
      "needsInterop": false
    },
    "@angular/core": {
      "src": "../../../../../../node_modules/@angular/core/fesm2022/core.mjs",
      "file": "@angular_core.js",
      "fileHash": "b55dce19",
      "needsInterop": false
    },
    "@angular/forms": {
      "src": "../../../../../../node_modules/@angular/forms/fesm2022/forms.mjs",
      "file": "@angular_forms.js",
      "fileHash": "2056cbd6",
      "needsInterop": false
    },
    "@angular/platform-browser": {
      "src": "../../../../../../node_modules/@angular/platform-browser/fesm2022/platform-browser.mjs",
      "file": "@angular_platform-browser.js",
      "fileHash": "b67c0661",
      "needsInterop": false
    },
    "@angular/router": {
      "src": "../../../../../../node_modules/@angular/router/fesm2022/router.mjs",
      "file": "@angular_router.js",
      "fileHash": "7f4e408a",
      "needsInterop": false
    }
  },
  "chunks": {
    "chunk-YFUQAOGT": {
      "file": "chunk-YFUQAOGT.js"
    },
    "chunk-3KMWUBBH": {
      "file": "chunk-3KMWUBBH.js"
    },
    "chunk-PUZANCJH": {
      "file": "chunk-PUZANCJH.js"
    }
  }
}